{
	"partitions" : [
		{
			"name" : "Top",
			"pins" : [
				{
					"name" : "y4",
					"strict" : false
				},
				{
					"name" : "y3",
					"strict" : false
				},
				{
					"name" : "y2",
					"strict" : false
				},
				{
					"name" : "y1",
					"strict" : false
				},
				{
					"name" : "y0",
					"strict" : false
				},
				{
					"name" : "b[2]",
					"strict" : false
				},
				{
					"name" : "b[3]",
					"strict" : false
				},
				{
					"name" : "b[1]",
					"strict" : false
				},
				{
					"name" : "clock",
					"strict" : false
				},
				{
					"name" : "b[0]",
					"strict" : false
				}
			]
		}
	]
}